event,fname,dist,azimuth,back_azimuth,pkppre_SNR,pkpdf_SNR,array
2009-04-09T08:10:54.020Z,example_data/2009-04-09T08:10:54.020Z_TA_H24A_BHZ.SAC,126.42591,16.75188,336.29028,1.8838598745818809,35.74532626920611,2009-04-09T08:10:54.020Z_0
2009-04-09T08:10:54.020Z,example_data/2009-04-09T08:10:54.020Z_TA_G23A_BHZ.SAC,125.76841,17.194218,335.43915,0.6716181817394216,21.77847118559001,2009-04-09T08:10:54.020Z_0
2009-04-09T08:10:54.020Z,example_data/2009-04-09T08:10:54.020Z_TA_T29A_BHZ.SAC,134.37015,17.643696,337.8433,1.903658601081113,16.214535220082468,2009-04-09T08:10:54.020Z_0
2009-04-09T08:10:54.020Z,example_data/2009-04-09T08:10:54.020Z_TA_Z32A_BHZ.SAC,138.48856,17.694944,338.84964,2.608052934946813,41.03662875340062,2009-04-09T08:10:54.020Z_0
2009-04-09T08:10:54.020Z,example_data/2009-04-09T08:10:54.020Z_TA_G22A_BHZ.SAC,125.48215,17.895187,334.39304,1.1382970584905256,25.280868992637068,2009-04-09T08:10:54.020Z_0
2009-04-09T08:10:54.020Z,example_data/2009-04-09T08:10:54.020Z_TA_H22A_BHZ.SAC,126.02633,18.276506,334.12823,0.9338614729308662,10.72996503147058,2009-04-09T08:10:54.020Z_0
2009-04-09T08:10:54.020Z,example_data/2009-04-09T08:10:54.020Z_TA_K23A_BHZ.SAC,127.91199,18.681534,334.38495,1.0001266070919623,49.6375871115633,2009-04-09T08:10:54.020Z_0
2009-04-09T08:10:54.020Z,example_data/2009-04-09T08:10:54.020Z_TA_232A_BHZ.SAC,139.75175,18.691849,338.00543,1.869296110768036,20.00418887103159,2009-04-09T08:10:54.020Z_0
2009-04-09T08:10:54.020Z,example_data/2009-04-09T08:10:54.020Z_TA_J22A_BHZ.SAC,127.04674,19.026173,333.5944,1.4260555174053238,31.96601641156385,2009-04-09T08:10:54.020Z_0
2009-04-09T08:10:54.020Z,example_data/2009-04-09T08:10:54.020Z_TA_L23A_BHZ.SAC,128.46376,19.100039,334.07504,1.6419397035811083,37.34948477836778,2009-04-09T08:10:54.020Z_0
2009-04-09T08:10:54.020Z,example_data/2009-04-09T08:10:54.020Z_TA_332A_BHZ.SAC,140.18736,19.104542,337.63965,1.2603395992720676,23.842395542507933,2009-04-09T08:10:54.020Z_0
2009-04-09T08:10:54.020Z,example_data/2009-04-09T08:10:54.020Z_TA_131A_BHZ.SAC,138.7882,19.125904,337.28217,1.7203457684575592,67.55595555706816,2009-04-09T08:10:54.020Z_0
2009-04-09T08:10:54.020Z,example_data/2009-04-09T08:10:54.020Z_TA_T27A_BHZ.SAC,134.00954,19.159147,335.92947,2.380685803297104,11.930498667219666,2009-04-09T08:10:54.020Z_0
2009-04-09T08:10:54.020Z,example_data/2009-04-09T08:10:54.020Z_TA_I21A_BHZ.SAC,126.42369,19.459332,332.77615,1.4681679822699163,40.55113535353478,2009-04-09T08:10:54.020Z_0
2009-04-09T08:10:54.020Z,example_data/2009-04-09T08:10:54.020Z_TA_432A_BHZ.SAC,140.63774,19.472378,337.3297,1.8330138622051475,19.82008142160907,2009-04-09T08:10:54.020Z_0
2009-04-09T08:10:54.020Z,example_data/2009-04-09T08:10:54.020Z_TA_231A_BHZ.SAC,139.4906,19.476076,337.05588,1.6233720945024246,15.83631512663562,2009-04-09T08:10:54.020Z_0
2009-04-09T08:10:54.020Z,example_data/2009-04-09T08:10:54.020Z_TA_M23A_BHZ.SAC,129.0371,19.48171,333.82227,1.878881372792407,25.10927450318941,2009-04-09T08:10:54.020Z_0
2009-04-09T08:10:54.020Z,example_data/2009-04-09T08:10:54.020Z_TA_K22A_BHZ.SAC,127.712975,19.492277,333.28046,0.477695301665436,14.06713254108302,2009-04-09T08:10:54.020Z_0
2009-04-09T08:10:54.020Z,example_data/2009-04-09T08:10:54.020Z_TA_H20A_BHZ.SAC,125.5904,19.632053,332.18384,0.6629002480695995,21.31163279942671,2009-04-09T08:10:54.020Z_0
2009-04-09T08:10:54.020Z,example_data/2009-04-09T08:10:54.020Z_US_JCT_BHZ.SAC,140.99895,19.724937,337.12964,13.354358289870785,192.0496600987372,2009-04-09T08:10:54.020Z_0
2009-04-09T08:10:54.020Z,example_data/2009-04-09T08:10:54.020Z_TA_J21A_BHZ.SAC,126.786095,19.85019,332.43735,1.5046495717491446,27.524734453350803,2009-04-09T08:10:54.020Z_0
2009-04-09T08:10:54.020Z,example_data/2009-04-09T08:10:54.020Z_TA_Y29A_BHZ.SAC,137.27592,19.899458,336.00674,1.985531767416013,13.40015661609397,2009-04-09T08:10:54.020Z_0
2009-04-09T08:10:54.020Z,example_data/2009-04-09T08:10:54.020Z_TA_331A_BHZ.SAC,140.02808,19.990582,336.6056,2.6106784729734294,29.81424728535908,2009-04-09T08:10:54.020Z_0
2009-04-09T08:10:54.020Z,example_data/2009-04-09T08:10:54.020Z_TA_I20A_BHZ.SAC,126.02108,20.04401,331.85297,1.1491064405442066,35.12911338541099,2009-04-09T08:10:54.020Z_0
2009-04-09T08:10:54.020Z,example_data/2009-04-09T08:10:54.020Z_TA_532A_BHZ.SAC,141.2867,20.07376,336.80646,3.624467823533762,18.17638864065899,2009-04-09T08:10:54.020Z_0
2009-04-09T08:10:54.020Z,example_data/2009-04-09T08:10:54.020Z_TA_K21A_BHZ.SAC,127.483734,20.104782,332.41608,0.8747854693206858,45.64120358358823,2009-04-09T08:10:54.020Z_0
2009-04-09T08:10:54.020Z,example_data/2009-04-09T08:10:54.020Z_TA_M22A_BHZ.SAC,128.7995,20.273277,332.74896,1.189304508637355,13.248428445373593,2009-04-09T08:10:54.020Z_0
2009-04-09T08:10:54.020Z,example_data/2009-04-09T08:10:54.020Z_TA_Z29A_BHZ.SAC,137.81065,20.302095,335.69043,2.5018965699494853,37.68689142343751,2009-04-09T08:10:54.020Z_0
2009-04-09T08:10:54.020Z,example_data/2009-04-09T08:10:54.020Z_TA_632A_BHZ.SAC,141.89572,20.314516,336.67645,9.957764907928,21.54087352578571,2009-04-09T08:10:54.020Z_0
2009-04-09T08:10:54.020Z,example_data/2009-04-09T08:10:54.020Z_TA_J20A_BHZ.SAC,126.56162,20.358894,331.69693,1.9208118084285395,11.531695240400271,2009-04-09T08:10:54.020Z_0
2009-04-09T08:10:54.020Z,example_data/2009-04-09T08:10:54.020Z_TA_O23A_BHZ.SAC,130.09442,20.381643,333.12152,0.954051005015072,52.36919092804367,2009-04-09T08:10:54.020Z_0
2009-04-09T08:10:54.020Z,example_data/2009-04-09T08:10:54.020Z_TA_230A_BHZ.SAC,139.26376,20.458559,335.89136,2.846000651921755,46.35986256653085,2009-04-09T08:10:54.020Z_0
2009-04-09T08:10:54.020Z,example_data/2009-04-09T08:10:54.020Z_TA_L21A_BHZ.SAC,128.0344,20.597294,332.03503,1.3322911904455228,83.15564982222752,2009-04-09T08:10:54.020Z_0
2009-04-09T08:10:54.020Z,example_data/2009-04-09T08:10:54.020Z_TA_I19A_BHZ.SAC,125.645515,20.669477,330.8874,1.2493118175332212,15.929112898859096,2009-04-09T08:10:54.020Z_0
2009-04-09T08:10:54.020Z,example_data/2009-04-09T08:10:54.020Z_TA_W27A_BHZ.SAC,135.70505,20.689144,334.65012,1.6206169983043115,12.705039036274888,2009-04-09T08:10:54.020Z_0
2009-04-09T08:10:54.020Z,example_data/2009-04-09T08:10:54.020Z_TA_M21A_BHZ.SAC,128.35175,20.805773,331.9101,1.0948193994165414,36.80349947482868,2009-04-09T08:10:54.020Z_0
2009-04-09T08:10:54.020Z,example_data/2009-04-09T08:10:54.020Z_TA_531A_BHZ.SAC,141.0302,20.86188,335.87204,3.0619092230972167,31.07140324387732,2009-04-09T08:10:54.020Z_0
2009-04-09T08:10:54.020Z,example_data/2009-04-09T08:10:54.020Z_TA_129A_BHZ.SAC,138.32484,20.875196,335.17746,1.0271578015164604,18.11635399612475,2009-04-09T08:10:54.020Z_0
2009-04-09T08:10:54.020Z,example_data/2009-04-09T08:10:54.020Z_TA_Z28A_BHZ.SAC,137.54564,21.052832,334.7638,0.9455988167960412,13.87854552444084,2009-04-09T08:10:54.020Z_0
2009-04-09T08:10:54.020Z,example_data/2009-04-09T08:10:54.020Z_TA_MSTX_BHZ.SAC,136.79382,21.05299,334.55103,2.3239185606527366,38.58635854683104,2009-04-09T08:10:54.020Z_0
2009-04-09T08:10:54.020Z,example_data/2009-04-09T08:10:54.020Z_TA_732A_BHZ.SAC,142.54092,21.063564,335.99515,5.704823574840835,18.798382490876964,2009-04-09T08:10:54.020Z_0
2009-04-09T08:10:54.020Z,example_data/2009-04-09T08:10:54.020Z_TA_J19A_BHZ.SAC,126.29724,21.181532,330.54617,0.6154995573267003,10.035981903578143,2009-04-09T08:10:54.020Z_0
2009-04-09T08:10:54.020Z,example_data/2009-04-09T08:10:54.020Z_TA_U25A_BHZ.SAC,134.02736,21.255167,333.46844,1.5578257255353123,11.391967874033009,2009-04-09T08:10:54.020Z_0
2009-04-09T08:10:54.020Z,example_data/2009-04-09T08:10:54.020Z_TA_K19A_BHZ.SAC,126.75486,21.28634,330.62424,0.4985051546727731,30.2062657932968,2009-04-09T08:10:54.020Z_0
2009-04-09T08:10:54.020Z,example_data/2009-04-09T08:10:54.020Z_TA_430A_BHZ.SAC,140.21912,21.3113,335.1765,1.1518795261918735,12.32111043273789,2009-04-09T08:10:54.020Z_0
2009-04-09T08:10:54.020Z,example_data/2009-04-09T08:10:54.020Z_TA_L20A_BHZ.SAC,127.650986,21.37601,330.9106,1.188272657112425,18.393560959090497,2009-04-09T08:10:54.020Z_0
2009-04-09T08:10:54.020Z,example_data/2009-04-09T08:10:54.020Z_TA_631A_BHZ.SAC,141.70262,21.394218,335.4416,4.734951648152284,30.807584078066537,2009-04-09T08:10:54.020Z_0
2009-04-09T08:10:54.020Z,example_data/2009-04-09T08:10:54.020Z_TA_N21A_BHZ.SAC,129.04033,21.453207,331.40292,1.2181281707491731,37.63813303027122,2009-04-09T08:10:54.020Z_0
2009-04-09T08:10:54.020Z,example_data/2009-04-09T08:10:54.020Z_TA_P22A_BHZ.SAC,130.34099,21.50515,331.8586,1.6187703607641617,15.156130353062736,2009-04-09T08:10:54.020Z_0
2009-04-09T08:10:54.020Z,example_data/2009-04-09T08:10:54.020Z_XR_SC26_BHZ.SAC,137.08615,21.728905,333.8659,0.7047407408551412,17.907902482125216,2009-04-09T08:10:54.020Z_0
2009-04-09T08:10:54.020Z,example_data/2009-04-09T08:10:54.020Z_TA_O21A_BHZ.SAC,129.53604,21.748331,331.2478,1.0936432337040642,15.352588929741303,2009-04-09T08:10:54.020Z_0
2009-04-09T08:10:54.020Z,example_data/2009-04-09T08:10:54.020Z_TA_X26A_BHZ.SAC,135.8958,21.80382,333.42615,1.589258257453872,13.854218485214467,2009-04-09T08:10:54.020Z_0
2009-04-09T08:10:54.020Z,example_data/2009-04-09T08:10:54.020Z_TA_V25A_BHZ.SAC,134.45154,21.817825,332.95364,1.3502883087020567,18.611497235942,2009-04-09T08:10:54.020Z_0
2009-04-09T08:10:54.020Z,example_data/2009-04-09T08:10:54.020Z_TA_530A_BHZ.SAC,140.7577,21.859482,334.70227,3.623927477194847,40.6457619303887,2009-04-09T08:10:54.020Z_0
2009-04-09T08:10:54.020Z,example_data/2009-04-09T08:10:54.020Z_IM_PD31_BHZ.SAC,126.544495,21.88838,329.7832,0.7027722715530331,46.70547541991608,2009-04-09T08:10:54.020Z_0
2009-04-09T08:10:54.020Z,example_data/2009-04-09T08:10:54.020Z_US_BW06_BHZ.SAC,126.54485,21.88885,329.7828,0.6924672868086956,45.99281401753703,2009-04-09T08:10:54.020Z_0
2009-04-09T08:10:54.020Z,example_data/2009-04-09T08:10:54.020Z_XR_SC17_BHZ.SAC,136.58118,21.943108,333.47427,2.0879558077919302,17.756495439364024,2009-04-09T08:10:54.020Z_0
2009-04-09T08:10:54.020Z,example_data/2009-04-09T08:10:54.020Z_TA_Z27A_BHZ.SAC,137.22003,21.957752,333.64545,5.388163545420551,141.4889337664329,2009-04-09T08:10:54.020Z_0
2009-04-09T08:10:54.020Z,example_data/2009-04-09T08:10:54.020Z_IW_SMCO_BHZ.SAC,130.62886,21.958359,331.4285,0.7395454219626479,14.059231279051742,2009-04-09T08:10:54.020Z_0
2009-04-09T08:10:54.020Z,example_data/2009-04-09T08:10:54.020Z_TA_J18A_BHZ.SAC,125.99023,21.972439,329.41968,1.1682559105953696,18.8177297582629,2009-04-09T08:10:54.020Z_0
2009-04-09T08:10:54.020Z,example_data/2009-04-09T08:10:54.020Z_TA_N20A_BHZ.SAC,128.70218,22.040804,330.55057,0.7545947129850861,48.75889687940892,2009-04-09T08:10:54.020Z_0
2009-04-09T08:10:54.020Z,example_data/2009-04-09T08:10:54.020Z_TA_L19A_BHZ.SAC,127.19435,22.146824,329.763,1.2042424725122884,20.75449541459701,2009-04-09T08:10:54.020Z_0
2009-04-09T08:10:54.020Z,example_data/2009-04-09T08:10:54.020Z_XR_SC25_BHZ.SAC,136.85843,22.150545,333.3213,1.5732425485002004,20.753508174250303,2009-04-09T08:10:54.020Z_0
2009-04-09T08:10:54.020Z,example_data/2009-04-09T08:10:54.020Z_XR_SC41_BHZ.SAC,137.51958,22.165268,333.49762,2.365498507110836,40.45538176264285,2009-04-09T08:10:54.020Z_0
2009-04-09T08:10:54.020Z,example_data/2009-04-09T08:10:54.020Z_IW_LOHW_BHZ.SAC,125.4278,22.169132,328.9051,1.0154110634773443,27.641559218035265,2009-04-09T08:10:54.020Z_0
2009-04-09T08:10:54.020Z,example_data/2009-04-09T08:10:54.020Z_IW_MOOW_BHZ.SAC,125.25836,22.190119,328.7959,1.1075990111554574,13.322719424927689,2009-04-09T08:10:54.020Z_0
2009-04-09T08:10:54.020Z,example_data/2009-04-09T08:10:54.020Z_TA_K18A_BHZ.SAC,126.475395,22.352556,329.18027,0.7795229062099619,16.77543077212109,2009-04-09T08:10:54.020Z_0
2009-04-09T08:10:54.020Z,example_data/2009-04-09T08:10:54.020Z_TA_M19A_BHZ.SAC,127.78483,22.361784,329.76538,0.7911631187535872,44.63092738117922,2009-04-09T08:10:54.020Z_0
2009-04-09T08:10:54.020Z,example_data/2009-04-09T08:10:54.020Z_IW_SNOW_BHZ.SAC,125.50156,22.380884,328.67908,1.1313296247494318,63.387847910831056,2009-04-09T08:10:54.020Z_0
2009-04-09T08:10:54.020Z,example_data/2009-04-09T08:10:54.020Z_TA_J17A_BHZ.SAC,125.60041,22.410471,328.69083,0.9280771876409664,63.06566147865156,2009-04-09T08:10:54.020Z_0
2009-04-09T08:10:54.020Z,example_data/2009-04-09T08:10:54.020Z_XR_SC68_BHZ.SAC,138.73755,22.457941,333.5119,1.1758514301010998,10.137686802082523,2009-04-09T08:10:54.020Z_0
2009-04-09T08:10:54.020Z,example_data/2009-04-09T08:10:54.020Z_XR_SC32_BHZ.SAC,137.18391,22.460104,333.0676,1.0383348669432002,16.110843889807008,2009-04-09T08:10:54.020Z_0
2009-04-09T08:10:54.020Z,example_data/2009-04-09T08:10:54.020Z_TA_O20A_BHZ.SAC,129.31737,22.46641,330.29623,0.8055968875176391,33.501029594096345,2009-04-09T08:10:54.020Z_0
2009-04-09T08:10:54.020Z,example_data/2009-04-09T08:10:54.020Z_IW_TPAW_BHZ.SAC,125.39925,22.516386,328.46152,0.9831414737487922,20.936505366092668,2009-04-09T08:10:54.020Z_0
2009-04-09T08:10:54.020Z,example_data/2009-04-09T08:10:54.020Z_TA_127A_BHZ.SAC,137.73561,22.538734,333.13974,2.114723769956629,13.402836237787234,2009-04-09T08:10:54.020Z_0
2009-04-09T08:10:54.020Z,example_data/2009-04-09T08:10:54.020Z_TA_V24A_BHZ.SAC,134.3051,22.551458,332.05914,0.5940779580350997,13.121180669956852,2009-04-09T08:10:54.020Z_0
2009-04-09T08:10:54.020Z,example_data/2009-04-09T08:10:54.020Z_XR_SC40_BHZ.SAC,137.43903,22.571016,333.0175,2.1178111096442045,19.167256977148444,2009-04-09T08:10:54.020Z_0
2009-04-09T08:10:54.020Z,example_data/2009-04-09T08:10:54.020Z_XR_SC16_BHZ.SAC,136.29636,22.761698,332.45944,0.8441703390472233,24.13230050007939,2009-04-09T08:10:54.020Z_0
2009-04-09T08:10:54.020Z,example_data/2009-04-09T08:10:54.020Z_TA_N19A_BHZ.SAC,128.30386,22.770493,329.50018,0.8725534515960441,26.406703450316314,2009-04-09T08:10:54.020Z_0
2009-04-09T08:10:54.020Z,example_data/2009-04-09T08:10:54.020Z_TA_L18A_BHZ.SAC,127.08839,22.805857,328.91238,0.8872273655924254,18.155582760133147,2009-04-09T08:10:54.020Z_0
2009-04-09T08:10:54.020Z,example_data/2009-04-09T08:10:54.020Z_XR_SC74_BHZ.SAC,139.48636,22.89577,333.22906,1.3156259572696911,18.522852474134844,2009-04-09T08:10:54.020Z_0
2009-04-09T08:10:54.020Z,example_data/2009-04-09T08:10:54.020Z_TA_529A_BHZ.SAC,140.44502,22.959284,333.41153,1.285017876110293,13.667610098513164,2009-04-09T08:10:54.020Z_0
2009-04-09T08:10:54.020Z,example_data/2009-04-09T08:10:54.020Z_XR_SC23_BHZ.SAC,136.5441,22.982403,332.28632,2.800021498570197,28.308718946954304,2009-04-09T08:10:54.020Z_0
2009-04-09T08:10:54.020Z,example_data/2009-04-09T08:10:54.020Z_TA_R21A_BHZ.SAC,131.11586,22.998335,330.38858,0.5408934420099661,10.257062951540874,2009-04-09T08:10:54.020Z_0
2009-04-09T08:10:54.020Z,example_data/2009-04-09T08:10:54.020Z_TA_P20A_BHZ.SAC,129.80956,23.006329,329.85693,80.77827271023344,276.9819752474217,2009-04-09T08:10:54.020Z_0
2009-04-09T08:10:54.020Z,example_data/2009-04-09T08:10:54.020Z_TA_428A_BHZ.SAC,139.72896,23.096584,333.07227,0.8275330103773043,65.85711430576858,2009-04-09T08:10:54.020Z_0
2009-04-09T08:10:54.020Z,example_data/2009-04-09T08:10:54.020Z_TA_Y25A_BHZ.SAC,136.11694,23.152826,331.96136,1.4799828072464003,80.3106645851821,2009-04-09T08:10:54.020Z_0
2009-04-09T08:10:54.020Z,example_data/2009-04-09T08:10:54.020Z_TA_M18A_BHZ.SAC,127.501205,23.154297,328.68073,0.593528523044187,10.659174564542043,2009-04-09T08:10:54.020Z_0
2009-04-09T08:10:54.020Z,example_data/2009-04-09T08:10:54.020Z_XR_SC31_BHZ.SAC,136.8393,23.2277,332.10056,1.3224583132174177,14.590065588382386,2009-04-09T08:10:54.020Z_0
2009-04-09T08:10:54.020Z,example_data/2009-04-09T08:10:54.020Z_XR_SC67_BHZ.SAC,138.58298,23.243385,332.59482,1.3999405479432514,15.487022198445208,2009-04-09T08:10:54.020Z_0
2009-04-09T08:10:54.020Z,example_data/2009-04-09T08:10:54.020Z_TA_Q20A_BHZ.SAC,130.3179,23.280668,329.74057,0.8540320507338391,15.467724665668596,2009-04-09T08:10:54.020Z_0
2009-04-09T08:10:54.020Z,example_data/2009-04-09T08:10:54.020Z_XR_SC73_BHZ.SAC,139.40202,23.289845,332.7707,1.9439867113468747,21.393284407843087,2009-04-09T08:10:54.020Z_0
2009-04-09T08:10:54.020Z,example_data/2009-04-09T08:10:54.020Z_XR_SC09_BHZ.SAC,135.79478,23.322567,331.66748,1.0577587437691869,11.532304536056111,2009-04-09T08:10:54.020Z_0
2009-04-09T08:10:54.020Z,example_data/2009-04-09T08:10:54.020Z_TA_L17A_BHZ.SAC,126.61323,23.355307,328.0252,1.4219615638760614,12.5985313247209,2009-04-09T08:10:54.020Z_0
2009-04-09T08:10:54.020Z,example_data/2009-04-09T08:10:54.020Z_TA_K16A_BHZ.SAC,125.711464,23.42641,327.5018,1.213980117362407,15.865492496114758,2009-04-09T08:10:54.020Z_0
2009-04-09T08:10:54.020Z,example_data/2009-04-09T08:10:54.020Z_TA_P19A_BHZ.SAC,129.46341,23.428995,329.21298,1.3893725210339312,28.54218785304312,2009-04-09T08:10:54.020Z_0
2009-04-09T08:10:54.020Z,example_data/2009-04-09T08:10:54.020Z_XR_SC22_BHZ.SAC,136.40468,23.459606,331.70578,0.5853213982001493,49.2056529381525,2009-04-09T08:10:54.020Z_0
2009-04-09T08:10:54.020Z,example_data/2009-04-09T08:10:54.020Z_TA_X24A_BHZ.SAC,135.26161,23.491817,331.3031,1.2624849501328654,14.204910148377728,2009-04-09T08:10:54.020Z_0
2009-04-09T08:10:54.020Z,example_data/2009-04-09T08:10:54.020Z_XR_SC15_BHZ.SAC,136.0667,23.567066,331.47833,1.0117223956537924,14.314497115604016,2009-04-09T08:10:54.020Z_0
2009-04-09T08:10:54.020Z,example_data/2009-04-09T08:10:54.020Z_TA_Z25A_BHZ.SAC,136.67265,23.618483,331.6108,1.2309885734607844,10.527016957112703,2009-04-09T08:10:54.020Z_0
2009-04-09T08:10:54.020Z,example_data/2009-04-09T08:10:54.020Z_TA_528A_BHZ.SAC,140.18915,23.619326,332.61996,1.3772112006908708,16.733021043113247,2009-04-09T08:10:54.020Z_0
2009-04-09T08:10:54.020Z,example_data/2009-04-09T08:10:54.020Z_TA_U22A_BHZ.SAC,133.11757,23.673622,330.35608,1.073928905380086,11.3107779614156,2009-04-09T08:10:54.020Z_0
2009-04-09T08:10:54.020Z,example_data/2009-04-09T08:10:54.020Z_TA_S21A_BHZ.SAC,131.63208,23.68749,329.78488,0.6321824301375826,26.85845473807966,2009-04-09T08:10:54.020Z_0
2009-04-09T08:10:54.020Z,example_data/2009-04-09T08:10:54.020Z_XR_SC53_BHZ.SAC,137.6243,23.813847,331.68225,3.679638204474201,13.78410971460202,2009-04-09T08:10:54.020Z_0
2009-04-09T08:10:54.020Z,example_data/2009-04-09T08:10:54.020Z_TA_226B_BHZ.SAC,137.94843,23.85317,331.73477,1.637942331578326,17.06137852468936,2009-04-09T08:10:54.020Z_0
2009-04-09T08:10:54.020Z,example_data/2009-04-09T08:10:54.020Z_TA_427A_BHZ.SAC,139.33568,23.85349,332.13116,0.9253986836670296,15.851423668323315,2009-04-09T08:10:54.020Z_0
2009-04-09T08:10:54.020Z,example_data/2009-04-09T08:10:54.020Z_XR_SC70_BHZ.SAC,138.74594,23.87305,331.94388,1.4920884447426517,24.763924152093992,2009-04-09T08:10:54.020Z_0
2009-04-09T08:10:54.020Z,example_data/2009-04-09T08:10:54.020Z_TA_O18A_BHZ.SAC,128.51399,23.875782,328.27502,0.8910816812224257,26.59118824220437,2009-04-09T08:10:54.020Z_0
2009-04-09T08:10:54.020Z,example_data/2009-04-09T08:10:54.020Z_TA_T21A_BHZ.SAC,132.31384,23.901917,329.79694,1.1620210542896252,12.278313681882242,2009-04-09T08:10:54.020Z_0
2009-04-09T08:10:54.020Z,example_data/2009-04-09T08:10:54.020Z_TA_Y24A_BHZ.SAC,135.81934,23.932173,330.98813,1.2502534285961249,19.21211642882641,2009-04-09T08:10:54.020Z_0
2009-04-09T08:10:54.020Z,example_data/2009-04-09T08:10:54.020Z_XR_SC72_BHZ.SAC,139.01318,23.937893,331.94806,1.2643811490503971,18.25993425428964,2009-04-09T08:10:54.020Z_0
2009-04-09T08:10:54.020Z,example_data/2009-04-09T08:10:54.020Z_TA_125A_BHZ.SAC,137.24077,23.986734,331.37405,1.2880061796459208,11.67889003500469,2009-04-09T08:10:54.020Z_0
2009-04-09T08:10:54.020Z,example_data/2009-04-09T08:10:54.020Z_TA_V22A_BHZ.SAC,133.49696,24.04229,330.071,1.920305950142325,28.61656309154476,2009-04-09T08:10:54.020Z_0
2009-04-09T08:10:54.020Z,example_data/2009-04-09T08:10:54.020Z_TA_Q19A_BHZ.SAC,129.93024,24.12687,328.58948,1.4780131035598187,67.83380016988534,2009-04-09T08:10:54.020Z_0
2009-04-09T08:10:54.020Z,example_data/2009-04-09T08:10:54.020Z_XR_SC60_BHZ.SAC,137.80403,24.200436,331.30682,2.5293306424997413,10.322768385949574,2009-04-09T08:10:54.020Z_0
2009-04-09T08:10:54.020Z,example_data/2009-04-09T08:10:54.020Z_US_HWUT_BHZ.SAC,126.75081,24.229061,327.0429,1.227361441627662,13.140612412291423,2009-04-09T08:10:54.020Z_0
2009-04-09T08:10:54.020Z,example_data/2009-04-09T08:10:54.020Z_TA_628A_BHZ.SAC,140.74484,24.23138,332.09818,1.5585367683367506,30.74163839005053,2009-04-09T08:10:54.020Z_0
2009-04-09T08:10:54.020Z,example_data/2009-04-09T08:10:54.020Z_TA_K15A_BHZ.SAC,125.45608,24.239958,326.3911,2.0753192805431366,15.607115521399557,2009-04-09T08:10:54.020Z_0
2009-04-09T08:10:54.020Z,example_data/2009-04-09T08:10:54.020Z_TA_X23A_BHZ.SAC,134.94432,24.249342,330.34103,0.9741488085751252,21.818470820989184,2009-04-09T08:10:54.020Z_0
2009-04-09T08:10:54.020Z,example_data/2009-04-09T08:10:54.020Z_IU_ANMO_BHZ.SAC,134.51828,24.26579,330.17676,1.3931122957480246,22.34162325158875,2009-04-09T08:10:54.020Z_0
2009-04-09T08:10:54.020Z,example_data/2009-04-09T08:10:54.020Z_TA_Z24A_BHZ.SAC,136.36748,24.274347,330.78085,1.046893599720752,11.48469231495064,2009-04-09T08:10:54.020Z_0
2009-04-09T08:10:54.020Z,example_data/2009-04-09T08:10:54.020Z_XR_SC36_BHZ.SAC,136.72565,24.306894,330.8579,1.3219580078504507,13.043547026836354,2009-04-09T08:10:54.020Z_0
2009-04-09T08:10:54.020Z,example_data/2009-04-09T08:10:54.020Z_TA_U21A_BHZ.SAC,132.7488,24.404612,329.38354,1.1261458719923203,17.195132262986384,2009-04-09T08:10:54.020Z_0
2009-04-09T08:10:54.020Z,example_data/2009-04-09T08:10:54.020Z_XR_SC64_BHZ.SAC,138.17383,24.413902,331.18076,0.7493061131978512,10.927293456331178,2009-04-09T08:10:54.020Z_0
2009-04-09T08:10:54.020Z,example_data/2009-04-09T08:10:54.020Z_TA_P18A_BHZ.SAC,128.95734,24.506893,327.7282,0.659109891152877,56.77912210651967,2009-04-09T08:10:54.020Z_0
2009-04-09T08:10:54.020Z,example_data/2009-04-09T08:10:54.020Z_TA_O17A_BHZ.SAC,128.27644,24.527075,327.40112,0.7986541125393337,23.989752864136506,2009-04-09T08:10:54.020Z_0
2009-04-09T08:10:54.020Z,example_data/2009-04-09T08:10:54.020Z_TA_L15A_BHZ.SAC,126.08198,24.595085,326.2805,1.224531002323764,13.190324556625768,2009-04-09T08:10:54.020Z_0
2009-04-09T08:10:54.020Z,example_data/2009-04-09T08:10:54.020Z_TA_527A_BHZ.SAC,139.86848,24.612028,331.4474,2.267560945528165,19.514712767966227,2009-04-09T08:10:54.020Z_0
2009-04-09T08:10:54.020Z,example_data/2009-04-09T08:10:54.020Z_US_MVCO_BHZ.SAC,131.7436,24.645552,328.72354,0.77442111446493,10.96165975525494,2009-04-09T08:10:54.020Z_0
2009-04-09T08:10:54.020Z,example_data/2009-04-09T08:10:54.020Z_TA_K14A_BHZ.SAC,125.305664,24.820448,325.61954,1.2757971645329065,19.53629788455241,2009-04-09T08:10:54.020Z_0
2009-04-09T08:10:54.020Z,example_data/2009-04-09T08:10:54.020Z_TA_627A_BHZ.SAC,140.56757,24.862223,331.36548,1.4889820243175582,28.75670314628664,2009-04-09T08:10:54.020Z_0
2009-04-09T08:10:54.020Z,example_data/2009-04-09T08:10:54.020Z_TA_P17A_BHZ.SAC,128.8818,25.02785,327.08743,0.720534989361493,12.496984038872696,2009-04-09T08:10:54.020Z_0
2009-04-09T08:10:54.020Z,example_data/2009-04-09T08:10:54.020Z_UU_SRU_BHZ.SAC,129.27663,25.099192,327.1788,1.4855144221477583,39.94923326246508,2009-04-09T08:10:54.020Z_0
2009-04-09T08:10:54.020Z,example_data/2009-04-09T08:10:54.020Z_TA_U20A_BHZ.SAC,132.43304,25.24994,328.3018,0.9723702496859232,33.04171426013336,2009-04-09T08:10:54.020Z_0
2009-04-09T08:10:54.020Z,example_data/2009-04-09T08:10:54.020Z_IM_TX31_BHZ.SAC,140.55344,25.28761,330.90073,0.8965849384567567,14.208047655058287,2009-04-09T08:10:54.020Z_0
2009-04-09T08:10:54.020Z,example_data/2009-04-09T08:10:54.020Z_IM_TX32_BHZ.SAC,140.5537,25.287838,330.90054,0.914059752330925,14.29240285837051,2009-04-09T08:10:54.020Z_0
2009-04-09T08:10:54.020Z,example_data/2009-04-09T08:10:54.020Z_US_MNTX_BHZ.SAC,137.77383,25.474842,329.89258,1.034794849306912,18.175808108209456,2009-04-09T08:10:54.020Z_0
2009-04-09T08:10:54.020Z,example_data/2009-04-09T08:10:54.020Z_TA_S18A_BHZ.SAC,130.69376,25.646988,327.15405,0.8029329993275709,15.73266558807752,2009-04-09T08:10:54.020Z_0
2009-04-09T08:10:54.020Z,example_data/2009-04-09T08:10:54.020Z_TA_626A_BHZ.SAC,140.1634,25.674368,330.3751,1.0974371942577752,20.736634954545824,2009-04-09T08:10:54.020Z_0
2009-04-09T08:10:54.020Z,example_data/2009-04-09T08:10:54.020Z_TA_P16A_BHZ.SAC,128.37674,25.691713,326.08994,1.2236349527242385,29.16056422344797,2009-04-09T08:10:54.020Z_0
2009-04-09T08:10:54.020Z,example_data/2009-04-09T08:10:54.020Z_TA_324A_BHZ.SAC,137.95102,25.77713,329.61594,2.170739336606851,13.670007504064806,2009-04-09T08:10:54.020Z_0
2009-04-09T08:10:54.020Z,example_data/2009-04-09T08:10:54.020Z_TA_Q16A_BHZ.SAC,129.16139,25.78052,326.3419,1.3183380992485851,16.085968293017626,2009-04-09T08:10:54.020Z_0
2009-04-09T08:10:54.020Z,example_data/2009-04-09T08:10:54.020Z_US_DUG_BHZ.SAC,127.392296,26.20004,325.04056,0.7063336024033984,29.83018766237019,2009-04-09T08:10:54.020Z_0
2009-04-09T08:10:54.020Z,example_data/2009-04-09T08:10:54.020Z_TA_P15A_BHZ.SAC,128.13905,26.22268,325.3682,0.9702144463604944,13.119847006474082,2009-04-09T08:10:54.020Z_0
2009-04-09T08:10:54.020Z,example_data/2009-04-09T08:10:54.020Z_TA_Z21A_BHZ.SAC,135.39926,26.674883,327.79623,1.69353568127395,14.28365970475536,2009-04-09T08:10:54.020Z_0
2009-04-09T08:10:54.020Z,example_data/2009-04-09T08:10:54.020Z_TA_W18A_BHZ.SAC,132.9538,27.304888,326.2014,0.5748682263096646,18.741945235581024,2009-04-09T08:10:54.020Z_0
2009-04-09T08:10:54.020Z,example_data/2009-04-09T08:10:54.020Z_US_ELK_BHZ.SAC,125.85671,27.657135,322.60287,0.714024051245794,27.407536380411106,2009-04-09T08:10:54.020Z_0
2009-04-09T08:10:54.020Z,example_data/2009-04-09T08:10:54.020Z_TA_120A_BHZ.SAC,135.59563,28.233269,326.16437,0.8835418679117703,11.98851335676083,2009-04-09T08:10:54.020Z_0
2009-04-09T08:10:54.020Z,example_data/2009-04-09T08:10:54.020Z_TA_U15A_BHZ.SAC,130.69159,28.585142,323.85977,1.072224416694841,15.76175476464859,2009-04-09T08:10:54.020Z_0
2009-04-09T08:10:54.020Z,example_data/2009-04-09T08:10:54.020Z_TA_220A_BHZ.SAC,136.1774,28.639828,325.92892,2.0525500077992915,30.461882697815263,2009-04-09T08:10:54.020Z_0
2009-04-09T08:10:54.020Z,example_data/2009-04-09T08:10:54.020Z_TA_320A_BHZ.SAC,136.64401,29.103115,325.59244,0.7981101928619875,11.24005584017708,2009-04-09T08:10:54.020Z_0
2009-04-09T08:10:54.020Z,example_data/2009-04-09T08:10:54.020Z_AE_X16A_BHZ.SAC,132.72067,29.419731,323.7952,1.3110963649358642,41.74983479770499,2009-04-09T08:10:54.020Z_0
2009-04-09T08:10:54.020Z,example_data/2009-04-09T08:10:54.020Z_TA_X16A_BHZ.SAC,132.72067,29.419731,323.7952,1.3255626555855688,46.62677888073311,2009-04-09T08:10:54.020Z_0
2009-04-09T08:10:54.020Z,example_data/2009-04-09T08:10:54.020Z_TA_R11A_BHZ.SAC,127.573456,29.763403,321.1236,1.1317357004717152,94.03884169703498,2009-04-09T08:10:54.020Z_0
