sca2sta_dist,scadp,time
115.0,2391.0,
115.0,2441.0,
115.0,2491.0,
115.0,2541.0,
115.0,2591.0,
115.0,2641.0,
115.0,2691.0,
115.0,2741.0,
115.0,2791.0,
115.0,2841.0,
115.0,2891.0,
115.2,2391.0,
115.2,2441.0,
115.2,2491.0,
115.2,2541.0,
115.2,2591.0,
115.2,2641.0,
115.2,2691.0,
115.2,2741.0,
115.2,2791.0,
115.2,2841.0,
115.2,2891.0,
115.4,2391.0,
115.4,2441.0,
115.4,2491.0,
115.4,2541.0,
115.4,2591.0,
115.4,2641.0,
115.4,2691.0,
115.4,2741.0,
115.4,2791.0,
115.4,2841.0,
115.4,2891.0,
115.6,2391.0,
115.6,2441.0,
115.6,2491.0,
115.6,2541.0,
115.6,2591.0,
115.6,2641.0,
115.6,2691.0,
115.6,2741.0,
115.6,2791.0,
115.6,2841.0,
115.6,2891.0,
115.8,2391.0,
115.8,2441.0,
115.8,2491.0,
115.8,2541.0,
115.8,2591.0,
115.8,2641.0,
115.8,2691.0,
115.8,2741.0,
115.8,2791.0,
115.8,2841.0,
115.8,2891.0,
116.0,2391.0,
116.0,2441.0,
116.0,2491.0,
116.0,2541.0,
116.0,2591.0,
116.0,2641.0,
116.0,2691.0,
116.0,2741.0,
116.0,2791.0,
116.0,2841.0,
116.0,2891.0,
116.2,2391.0,
116.2,2441.0,
116.2,2491.0,
116.2,2541.0,
116.2,2591.0,
116.2,2641.0,
116.2,2691.0,
116.2,2741.0,
116.2,2791.0,
116.2,2841.0,
116.2,2891.0,
116.4,2391.0,
116.4,2441.0,
116.4,2491.0,
116.4,2541.0,
116.4,2591.0,
116.4,2641.0,
116.4,2691.0,
116.4,2741.0,
116.4,2791.0,
116.4,2841.0,
116.4,2891.0,
116.6,2391.0,
116.6,2441.0,
116.6,2491.0,
116.6,2541.0,
116.6,2591.0,
116.6,2641.0,
116.6,2691.0,
116.6,2741.0,
116.6,2791.0,
116.6,2841.0,
116.6,2891.0,
116.8,2391.0,
116.8,2441.0,
116.8,2491.0,
116.8,2541.0,
116.8,2591.0,
116.8,2641.0,
116.8,2691.0,
116.8,2741.0,
116.8,2791.0,
116.8,2841.0,
116.8,2891.0,
117.0,2391.0,
117.0,2441.0,
117.0,2491.0,
117.0,2541.0,
117.0,2591.0,
117.0,2641.0,
117.0,2691.0,
117.0,2741.0,
117.0,2791.0,
117.0,2841.0,
117.0,2891.0,
117.2,2391.0,
117.2,2441.0,
117.2,2491.0,
117.2,2541.0,
117.2,2591.0,
117.2,2641.0,
117.2,2691.0,
117.2,2741.0,
117.2,2791.0,
117.2,2841.0,
117.2,2891.0,
117.4,2391.0,
117.4,2441.0,
117.4,2491.0,
117.4,2541.0,
117.4,2591.0,
117.4,2641.0,
117.4,2691.0,
117.4,2741.0,
117.4,2791.0,
117.4,2841.0,
117.4,2891.0,
117.6,2391.0,
117.6,2441.0,
117.6,2491.0,
117.6,2541.0,
117.6,2591.0,
117.6,2641.0,
117.6,2691.0,
117.6,2741.0,
117.6,2791.0,
117.6,2841.0,
117.6,2891.0,
117.8,2391.0,
117.8,2441.0,
117.8,2491.0,
117.8,2541.0,
117.8,2591.0,
117.8,2641.0,
117.8,2691.0,
117.8,2741.0,
117.8,2791.0,
117.8,2841.0,
117.8,2891.0,
118.0,2391.0,
118.0,2441.0,
118.0,2491.0,
118.0,2541.0,
118.0,2591.0,
118.0,2641.0,
118.0,2691.0,
118.0,2741.0,
118.0,2791.0,
118.0,2841.0,
118.0,2891.0,862.7381
118.2,2391.0,
118.2,2441.0,
118.2,2491.0,
118.2,2541.0,
118.2,2591.0,
118.2,2641.0,
118.2,2691.0,
118.2,2741.0,
118.2,2791.0,
118.2,2841.0,
118.2,2891.0,863.5385
118.4,2391.0,
118.4,2441.0,
118.4,2491.0,
118.4,2541.0,
118.4,2591.0,
118.4,2641.0,
118.4,2691.0,
118.4,2741.0,
118.4,2791.0,
118.4,2841.0,
118.4,2891.0,864.3288
118.6,2391.0,
118.6,2441.0,
118.6,2491.0,
118.6,2541.0,
118.6,2591.0,
118.6,2641.0,
118.6,2691.0,
118.6,2741.0,
118.6,2791.0,
118.6,2841.0,
118.6,2891.0,865.11053
118.8,2391.0,
118.8,2441.0,
118.8,2491.0,
118.8,2541.0,
118.8,2591.0,
118.8,2641.0,
118.8,2691.0,
118.8,2741.0,
118.8,2791.0,
118.8,2841.0,
118.8,2891.0,865.8864
119.0,2391.0,
119.0,2441.0,
119.0,2491.0,
119.0,2541.0,
119.0,2591.0,
119.0,2641.0,
119.0,2691.0,
119.0,2741.0,
119.0,2791.0,
119.0,2841.0,
119.0,2891.0,866.6557
119.2,2391.0,
119.2,2441.0,
119.2,2491.0,
119.2,2541.0,
119.2,2591.0,
119.2,2641.0,
119.2,2691.0,
119.2,2741.0,
119.2,2791.0,
119.2,2841.0,
119.2,2891.0,867.4183
119.4,2391.0,
119.4,2441.0,
119.4,2491.0,
119.4,2541.0,
119.4,2591.0,
119.4,2641.0,
119.4,2691.0,
119.4,2741.0,
119.4,2791.0,
119.4,2841.0,
119.4,2891.0,868.176
119.6,2391.0,
119.6,2441.0,
119.6,2491.0,
119.6,2541.0,
119.6,2591.0,
119.6,2641.0,
119.6,2691.0,
119.6,2741.0,
119.6,2791.0,
119.6,2841.0,
119.6,2891.0,868.9288
119.8,2391.0,
119.8,2441.0,
119.8,2491.0,
119.8,2541.0,
119.8,2591.0,
119.8,2641.0,
119.8,2691.0,
119.8,2741.0,
119.8,2791.0,
119.8,2841.0,871.58496
119.8,2891.0,869.67633
120.0,2391.0,
120.0,2441.0,
120.0,2491.0,
120.0,2541.0,
120.0,2591.0,
120.0,2641.0,
120.0,2691.0,
120.0,2741.0,
120.0,2791.0,
120.0,2841.0,872.3703
120.0,2891.0,870.41846
120.2,2391.0,
120.2,2441.0,
120.2,2491.0,
120.2,2541.0,
120.2,2591.0,
120.2,2641.0,
120.2,2691.0,
120.2,2741.0,
120.2,2791.0,
120.2,2841.0,873.14685
120.2,2891.0,871.15607
120.4,2391.0,
120.4,2441.0,
120.4,2491.0,
120.4,2541.0,
120.4,2591.0,
120.4,2641.0,
120.4,2691.0,
120.4,2741.0,
120.4,2791.0,
120.4,2841.0,873.9149
120.4,2891.0,871.88965
120.6,2391.0,
120.6,2441.0,
120.6,2491.0,
120.6,2541.0,
120.6,2591.0,
120.6,2641.0,
120.6,2691.0,
120.6,2741.0,
120.6,2791.0,
120.6,2841.0,874.6751
120.6,2891.0,872.61884
120.8,2391.0,
120.8,2441.0,
120.8,2491.0,
120.8,2541.0,
120.8,2591.0,
120.8,2641.0,
120.8,2691.0,
120.8,2741.0,
120.8,2791.0,
120.8,2841.0,875.43
120.8,2891.0,873.3434
121.0,2391.0,
121.0,2441.0,
121.0,2491.0,
121.0,2541.0,
121.0,2591.0,
121.0,2641.0,
121.0,2691.0,
121.0,2741.0,
121.0,2791.0,
121.0,2841.0,876.1787
121.0,2891.0,874.0633
121.2,2391.0,
121.2,2441.0,
121.2,2491.0,
121.2,2541.0,
121.2,2591.0,
121.2,2641.0,
121.2,2691.0,
121.2,2741.0,
121.2,2791.0,
121.2,2841.0,876.92114
121.2,2891.0,874.77966
121.4,2391.0,
121.4,2441.0,
121.4,2491.0,
121.4,2541.0,
121.4,2591.0,
121.4,2641.0,
121.4,2691.0,
121.4,2741.0,
121.4,2791.0,879.7089
121.4,2841.0,877.65845
121.4,2891.0,875.4923
121.6,2391.0,
121.6,2441.0,
121.6,2491.0,
121.6,2541.0,
121.6,2591.0,
121.6,2641.0,
121.6,2691.0,
121.6,2741.0,
121.6,2791.0,880.4813
121.6,2841.0,878.39124
121.6,2891.0,876.20087
121.8,2391.0,
121.8,2441.0,
121.8,2491.0,
121.8,2541.0,
121.8,2591.0,
121.8,2641.0,
121.8,2691.0,
121.8,2741.0,
121.8,2791.0,881.2428
121.8,2841.0,879.119
121.8,2891.0,876.90533
122.0,2391.0,
122.0,2441.0,
122.0,2491.0,
122.0,2541.0,
122.0,2591.0,
122.0,2641.0,
122.0,2691.0,
122.0,2741.0,
122.0,2791.0,881.9978
122.0,2841.0,879.8415
122.0,2891.0,877.6056
122.2,2391.0,
122.2,2441.0,
122.2,2491.0,
122.2,2541.0,
122.2,2591.0,
122.2,2641.0,
122.2,2691.0,
122.2,2741.0,
122.2,2791.0,882.7454
122.2,2841.0,880.5596
122.2,2891.0,878.30225
122.4,2391.0,
122.4,2441.0,
122.4,2491.0,
122.4,2541.0,
122.4,2591.0,
122.4,2641.0,
122.4,2691.0,
122.4,2741.0,
122.4,2791.0,883.48596
122.4,2841.0,881.27374
122.4,2891.0,878.9954
122.6,2391.0,
122.6,2441.0,
122.6,2491.0,
122.6,2541.0,
122.6,2591.0,
122.6,2641.0,
122.6,2691.0,
122.6,2741.0,886.34076
122.6,2791.0,884.2213
122.6,2841.0,881.9835
122.6,2891.0,879.6848
122.8,2391.0,
122.8,2441.0,
122.8,2491.0,
122.8,2541.0,
122.8,2591.0,
122.8,2641.0,
122.8,2691.0,
122.8,2741.0,887.1147
122.8,2791.0,884.9513
122.8,2841.0,882.68896
122.8,2891.0,880.3704
123.0,2391.0,
123.0,2441.0,
123.0,2491.0,
123.0,2541.0,
123.0,2591.0,
123.0,2641.0,
123.0,2691.0,
123.0,2741.0,887.87476
123.0,2791.0,885.6756
123.0,2841.0,883.3897
123.0,2891.0,881.05237
123.2,2391.0,
123.2,2441.0,
123.2,2491.0,
123.2,2541.0,
123.2,2591.0,
123.2,2641.0,
123.2,2691.0,
123.2,2741.0,888.62683
123.2,2791.0,886.39435
123.2,2841.0,884.0867
123.2,2891.0,881.7305
123.4,2391.0,
123.4,2441.0,
123.4,2491.0,
123.4,2541.0,
123.4,2591.0,
123.4,2641.0,
123.4,2691.0,
123.4,2741.0,889.3703
123.4,2791.0,887.1091
123.4,2841.0,884.7797
123.4,2891.0,882.4056
123.6,2391.0,
123.6,2441.0,
123.6,2491.0,
123.6,2541.0,
123.6,2591.0,
123.6,2641.0,
123.6,2691.0,
123.6,2741.0,890.107
123.6,2791.0,887.81903
123.6,2841.0,885.46875
123.6,2891.0,883.07733
123.8,2391.0,
123.8,2441.0,
123.8,2491.0,
123.8,2541.0,
123.8,2591.0,
123.8,2641.0,
123.8,2691.0,893.053
123.8,2741.0,890.838
123.8,2791.0,888.5243
123.8,2841.0,886.15393
123.8,2891.0,883.7456
124.0,2391.0,
124.0,2441.0,
124.0,2491.0,
124.0,2541.0,
124.0,2591.0,
124.0,2641.0,
124.0,2691.0,893.8211
124.0,2741.0,891.5624
124.0,2791.0,889.2246
124.0,2841.0,886.835
124.0,2891.0,884.4103
124.2,2391.0,
124.2,2441.0,
124.2,2491.0,
124.2,2541.0,
124.2,2591.0,
124.2,2641.0,
124.2,2691.0,894.57605
124.2,2741.0,892.2811
124.2,2791.0,889.9207
124.2,2841.0,887.5123
124.2,2891.0,885.0712
124.4,2391.0,
124.4,2441.0,
124.4,2491.0,
124.4,2541.0,
124.4,2591.0,
124.4,2641.0,
124.4,2691.0,895.3206
124.4,2741.0,892.99524
124.4,2791.0,890.6128
124.4,2841.0,888.18634
124.4,2891.0,885.7287
124.6,2391.0,
124.6,2441.0,
124.6,2491.0,
124.6,2541.0,
124.6,2591.0,
124.6,2641.0,
124.6,2691.0,896.0573
124.6,2741.0,893.7042
124.6,2791.0,891.3005
124.6,2841.0,888.85675
124.6,2891.0,886.3832
124.8,2391.0,
124.8,2441.0,
124.8,2491.0,
124.8,2541.0,
124.8,2591.0,
124.8,2641.0,
124.8,2691.0,896.78754
124.8,2741.0,894.40796
124.8,2791.0,891.984
124.8,2841.0,889.5234
124.8,2891.0,887.0345
125.0,2391.0,
125.0,2441.0,
125.0,2491.0,
125.0,2541.0,
125.0,2591.0,
125.0,2641.0,899.84796
125.0,2691.0,897.51044
125.0,2741.0,895.1065
125.0,2791.0,892.66327
125.0,2841.0,890.1862
125.0,2891.0,887.6824
125.2,2391.0,
125.2,2441.0,
125.2,2491.0,
125.2,2541.0,
125.2,2591.0,
125.2,2641.0,900.60284
125.2,2691.0,898.22754
125.2,2741.0,895.80084
125.2,2791.0,893.33887
125.2,2841.0,890.84515
125.2,2891.0,888.32684
125.4,2391.0,
125.4,2441.0,
125.4,2491.0,
125.4,2541.0,
125.4,2591.0,
125.4,2641.0,901.34564
125.4,2691.0,898.93964
125.4,2741.0,896.4907
125.4,2791.0,894.0108
125.4,2841.0,891.50085
125.4,2891.0,888.96783
125.6,2391.0,
125.6,2441.0,
125.6,2491.0,
125.6,2541.0,
125.6,2591.0,
125.6,2641.0,902.0804
125.6,2691.0,899.646
125.6,2741.0,897.17596
125.6,2791.0,894.6789
125.6,2841.0,892.1532
125.6,2891.0,889.6054
125.8,2391.0,
125.8,2441.0,
125.8,2491.0,
125.8,2541.0,
125.8,2591.0,
125.8,2641.0,902.80743
125.8,2691.0,900.3466
125.8,2741.0,897.8567
125.8,2791.0,895.3429
125.8,2841.0,892.8021
125.8,2891.0,890.2401
126.0,2391.0,
126.0,2441.0,
126.0,2491.0,
126.0,2541.0,
126.0,2591.0,905.95123
126.0,2641.0,903.52673
126.0,2691.0,901.0424
126.0,2741.0,898.5333
126.0,2791.0,896.0027
126.0,2841.0,893.44745
126.0,2891.0,890.8718
126.2,2391.0,
126.2,2441.0,
126.2,2491.0,
126.2,2541.0,
126.2,2591.0,906.7021
126.2,2641.0,904.2408
126.2,2691.0,901.7336
126.2,2741.0,899.2062
126.2,2791.0,896.6591
126.2,2841.0,894.0891
126.2,2891.0,891.50037
126.4,2391.0,
126.4,2441.0,
126.4,2491.0,
126.4,2541.0,
126.4,2591.0,907.44
126.4,2641.0,904.9488
126.4,2691.0,902.41986
126.4,2741.0,899.875
126.4,2791.0,897.312
126.4,2841.0,894.7272
126.4,2891.0,892.1256
126.6,2391.0,
126.6,2441.0,
126.6,2491.0,
126.6,2541.0,
126.6,2591.0,908.16986
126.6,2641.0,905.6505
126.6,2691.0,903.10126
126.6,2741.0,900.53955
126.6,2791.0,897.96136
126.6,2841.0,895.3622
126.6,2891.0,892.7475
126.8,2391.0,
126.8,2441.0,
126.8,2491.0,
126.8,2541.0,
126.8,2591.0,908.89075
126.8,2641.0,906.347
126.8,2691.0,903.77826
126.8,2741.0,901.19965
126.8,2791.0,898.60693
126.8,2841.0,895.9941
126.8,2891.0,893.3661
127.0,2391.0,
127.0,2441.0,
127.0,2491.0,
127.0,2541.0,912.1244
127.0,2591.0,909.60565
127.0,2641.0,907.03845
127.0,2691.0,904.45135
127.0,2741.0,901.8562
127.0,2791.0,899.24866
127.0,2841.0,896.6227
127.0,2891.0,893.9818
127.2,2391.0,
127.2,2441.0,
127.2,2491.0,
127.2,2541.0,912.8651
127.2,2591.0,910.3141
127.2,2641.0,907.72473
127.2,2691.0,905.1201
127.2,2741.0,902.5091
127.2,2791.0,899.8866
127.2,2841.0,897.24786
127.2,2891.0,894.5946
127.4,2391.0,
127.4,2441.0,
127.4,2491.0,
127.4,2541.0,913.5962
127.4,2591.0,911.0158
127.4,2641.0,908.40594
127.4,2691.0,905.7845
127.4,2741.0,903.1582
127.4,2791.0,900.5215
127.4,2841.0,897.8696
127.4,2891.0,895.2043
127.6,2391.0,
127.6,2441.0,
127.6,2491.0,
127.6,2541.0,914.3173
127.6,2591.0,911.71185
127.6,2641.0,909.0825
127.6,2691.0,906.4442
127.6,2741.0,903.80334
127.6,2791.0,901.153
127.6,2841.0,898.48785
127.6,2891.0,895.8107
127.8,2391.0,
127.8,2441.0,
127.8,2491.0,917.6114
127.8,2541.0,915.03186
127.8,2591.0,912.40265
127.8,2641.0,909.75494
127.8,2691.0,907.1001
127.8,2741.0,904.4445
127.8,2791.0,901.7811
127.8,2841.0,899.1032
127.8,2891.0,896.414
128.0,2391.0,
128.0,2441.0,
128.0,2491.0,918.3534
128.0,2541.0,915.7394
128.0,2591.0,913.08795
128.0,2641.0,910.42285
128.0,2691.0,907.75226
128.0,2741.0,905.0818
128.0,2791.0,902.4057
128.0,2841.0,899.71545
128.0,2891.0,897.0139
128.2,2391.0,
128.2,2441.0,
128.2,2491.0,919.0838
128.2,2541.0,916.43976
128.2,2591.0,913.7678
128.2,2641.0,911.086
128.2,2691.0,908.4004
128.2,2741.0,905.7159
128.2,2791.0,903.0264
128.2,2841.0,900.32446
128.2,2891.0,897.611
128.4,2391.0,
128.4,2441.0,
128.4,2491.0,919.80347
128.4,2541.0,917.1344
128.4,2591.0,914.44324
128.4,2641.0,911.74445
128.4,2691.0,909.04443
128.4,2741.0,906.34656
128.4,2791.0,903.64404
128.4,2841.0,900.9302
128.4,2891.0,898.2053
128.6,2391.0,
128.6,2441.0,923.1619
128.6,2491.0,920.5163
128.6,2541.0,917.8233
128.6,2591.0,915.1141
128.6,2641.0,912.3991
128.6,2691.0,909.68414
128.6,2741.0,906.9735
128.6,2791.0,904.2585
128.6,2841.0,901.5325
128.6,2891.0,898.79663
128.8,2391.0,
128.8,2441.0,923.90186
128.8,2491.0,921.2213
128.8,2541.0,918.5064
128.8,2591.0,915.78
128.8,2641.0,913.0497
128.8,2691.0,910.3203
128.8,2741.0,907.5968
128.8,2791.0,904.8696
128.8,2841.0,902.1314
128.8,2891.0,899.3849
129.0,2391.0,
129.0,2441.0,924.62885
129.0,2491.0,921.9191
129.0,2541.0,919.1842
129.0,2591.0,916.44086
129.0,2641.0,913.69604
129.0,2691.0,910.953
129.0,2741.0,908.21625
129.0,2791.0,905.4774
129.0,2841.0,902.72754
129.0,2891.0,899.97003
129.2,2391.0,
129.2,2441.0,925.3457
129.2,2491.0,922.61115
129.2,2541.0,919.85736
129.2,2591.0,917.09753
129.2,2641.0,914.338
129.2,2691.0,911.58203
129.2,2741.0,908.83246
129.2,2791.0,906.0817
129.2,2841.0,903.3207
129.2,2891.0,900.55206
129.4,2391.0,928.7717
129.4,2441.0,926.0549
129.4,2491.0,923.29694
129.4,2541.0,920.52563
129.4,2591.0,917.75
129.4,2641.0,914.9757
129.4,2691.0,912.2072
129.4,2741.0,909.4454
129.4,2791.0,906.6823
129.4,2841.0,903.9107
129.4,2891.0,901.1309
129.6,2391.0,929.50604
129.6,2441.0,926.75574
129.6,2491.0,923.97675
129.6,2541.0,921.18866
129.6,2591.0,918.3982
129.6,2641.0,915.61
129.6,2691.0,912.8285
129.6,2741.0,910.0549
129.6,2791.0,907.28
129.6,2841.0,904.49756
129.6,2891.0,901.70715
129.8,2391.0,930.227
129.8,2441.0,927.4501
129.8,2491.0,924.6517
129.8,2541.0,921.8466
129.8,2591.0,919.0419
129.8,2641.0,916.24054
129.8,2691.0,913.44604
129.8,2741.0,910.66077
129.8,2791.0,907.87463
129.8,2841.0,905.0812
129.8,2891.0,902.2805
130.0,2391.0,930.9396
130.0,2441.0,928.13794
130.0,2491.0,925.3215
130.0,2541.0,922.50055
130.0,2591.0,919.68097
130.0,2641.0,916.8672
130.0,2691.0,914.0603
130.0,2741.0,911.2631
130.0,2791.0,908.46606
130.0,2841.0,905.66144
130.0,2891.0,902.8509
130.2,2391.0,931.64294
130.2,2441.0,928.8194
130.2,2491.0,925.98596
130.2,2541.0,923.1499
130.2,2591.0,920.3162
130.2,2641.0,917.48975
130.2,2691.0,914.6711
130.2,2741.0,911.8618
130.2,2791.0,909.05426
130.2,2841.0,906.2389
130.2,2891.0,903.4183
130.4,2391.0,932.33887
130.4,2441.0,929.49536
130.4,2491.0,926.64496
130.4,2541.0,923.7947
130.4,2591.0,920.9478
130.4,2641.0,918.10834
130.4,2691.0,915.2782
130.4,2741.0,912.4575
130.4,2791.0,909.63916
130.4,2841.0,906.8135
130.4,2891.0,903.98254
130.6,2391.0,933.02814
130.6,2441.0,930.1662
130.6,2491.0,927.2997
130.6,2541.0,924.43463
130.6,2591.0,921.5754
130.6,2641.0,918.7235
130.6,2691.0,915.88165
130.6,2741.0,913.05005
130.6,2791.0,910.22046
130.6,2841.0,907.385
130.6,2891.0,904.5437
130.8,2391.0,933.7105
130.8,2441.0,930.8315
130.8,2491.0,927.9497
130.8,2541.0,925.07056
130.8,2591.0,922.1987
130.8,2641.0,919.3351
130.8,2691.0,916.48126
130.8,2741.0,913.6393
130.8,2791.0,910.79895
130.8,2841.0,907.9535
130.8,2891.0,905.10205
131.0,2391.0,934.38696
131.0,2441.0,931.49097
131.0,2491.0,928.59503
131.0,2541.0,925.70264
131.0,2591.0,922.81793
131.0,2641.0,919.943
131.0,2691.0,917.0777
131.0,2741.0,914.22504
131.0,2791.0,911.3744
131.0,2841.0,908.51874
131.0,2891.0,905.65753
131.2,2391.0,935.0581
131.2,2441.0,932.1459
131.2,2491.0,929.2353
131.2,2541.0,926.33057
131.2,2591.0,923.43353
131.2,2641.0,920.547
131.2,2691.0,917.6709
131.2,2741.0,914.8073
131.2,2791.0,911.9468
131.2,2841.0,909.0807
131.2,2891.0,906.21
131.4,2391.0,935.72345
131.4,2441.0,932.796
131.4,2491.0,929.87134
131.4,2541.0,926.9542
131.4,2591.0,924.04553
131.4,2641.0,921.1471
131.4,2691.0,918.2607
131.4,2741.0,915.3862
131.4,2791.0,912.5159
131.4,2841.0,909.6399
131.4,2891.0,906.7595
131.6,2391.0,936.3828
131.6,2441.0,933.4413
131.6,2491.0,930.5035
131.6,2541.0,927.57355
131.6,2591.0,924.6536
131.6,2641.0,921.74384
131.6,2691.0,918.8469
131.6,2741.0,915.9622
131.6,2791.0,913.0819
131.6,2841.0,910.19604
131.6,2891.0,907.3059
131.8,2391.0,937.0374
131.8,2441.0,934.0813
131.8,2491.0,931.1313
131.8,2541.0,928.18915
131.8,2591.0,925.25775
131.8,2641.0,922.3373
131.8,2691.0,919.4296
131.8,2741.0,916.53503
131.8,2791.0,913.6446
131.8,2841.0,910.74915
131.8,2891.0,907.84906
132.0,2391.0,937.6871
132.0,2441.0,934.717
132.0,2491.0,931.7547
132.0,2541.0,928.80096
132.0,2591.0,925.85785
132.0,2641.0,922.92725
132.0,2691.0,920.0088
132.0,2741.0,917.1046
132.0,2791.0,914.20404
132.0,2841.0,911.2992
132.0,2891.0,908.3895
132.2,2391.0,938.3316
132.2,2441.0,935.3486
132.2,2491.0,932.3736
132.2,2541.0,929.4089
132.2,2591.0,926.4545
132.2,2641.0,923.51355
132.2,2691.0,920.58496
132.2,2741.0,917.6709
132.2,2791.0,914.76056
132.2,2841.0,911.84607
132.2,2891.0,908.9269
132.4,2391.0,938.9707
132.4,2441.0,935.97577
132.4,2491.0,932.9888
132.4,2541.0,930.01263
132.4,2591.0,927.0478
132.4,2641.0,924.0962
132.4,2691.0,921.1579
132.4,2741.0,918.23376
132.4,2791.0,915.31396
132.4,2841.0,912.3898
132.4,2891.0,909.46136
132.6,2391.0,939.6056
132.6,2441.0,936.5983
132.6,2491.0,933.6
132.6,2541.0,930.61224
132.6,2591.0,927.63745
132.6,2641.0,924.67523
132.6,2691.0,921.7275
132.6,2741.0,918.79333
132.6,2791.0,915.8642
132.6,2841.0,912.9303
132.6,2891.0,909.9929
132.8,2391.0,940.2362
132.8,2441.0,937.2163
132.8,2491.0,934.2071
132.8,2541.0,931.20844
132.8,2591.0,928.2233
132.8,2641.0,925.25116
132.8,2691.0,922.29364
132.8,2741.0,919.3499
132.8,2791.0,916.4112
132.8,2841.0,913.46783
132.8,2891.0,910.52155
133.0,2391.0,940.8621
133.0,2441.0,937.83057
133.0,2491.0,934.81
133.0,2541.0,931.8011
133.0,2591.0,928.8055
133.0,2641.0,925.8238
133.0,2691.0,922.8564
133.0,2741.0,919.90326
133.0,2791.0,916.9549
133.0,2841.0,914.0025
133.0,2891.0,911.0471
133.2,2391.0,941.4831
133.2,2441.0,938.4407
133.2,2491.0,935.4087
133.2,2541.0,932.38995
133.2,2591.0,929.384
133.2,2641.0,926.39294
133.2,2691.0,923.4157
133.2,2741.0,920.4533
133.2,2791.0,917.49536
133.2,2841.0,914.5341
133.2,2891.0,911.56964
133.4,2391.0,942.1
133.4,2441.0,939.0466
133.4,2491.0,936.00397
133.4,2541.0,932.975
133.4,2591.0,929.9592
133.4,2641.0,926.95856
133.4,2691.0,923.97186
133.4,2741.0,921.00006
133.4,2791.0,918.0328
133.4,2841.0,915.0627
133.4,2891.0,912.0897
133.6,2391.0,942.71277
133.6,2441.0,939.6478
133.6,2491.0,936.5955
133.6,2541.0,933.556
133.6,2591.0,930.5311
133.6,2641.0,927.5205
133.6,2691.0,924.5248
133.6,2741.0,921.5433
133.6,2791.0,918.5672
133.6,2841.0,915.58813
133.6,2891.0,912.6073
133.8,2391.0,943.3212
133.8,2441.0,940.2454
133.8,2491.0,937.18317
133.8,2541.0,934.13367
133.8,2591.0,931.0994
133.8,2641.0,928.07935
133.8,2691.0,925.07434
133.8,2741.0,922.08356
133.8,2791.0,919.0986
133.8,2841.0,916.1105
133.8,2891.0,913.1221
134.0,2391.0,943.9253
134.0,2441.0,940.8393
134.0,2491.0,937.76685
134.0,2541.0,934.70795
134.0,2591.0,931.6641
134.0,2641.0,928.6348
134.0,2691.0,925.6205
134.0,2741.0,922.62054
134.0,2791.0,919.6267
134.0,2841.0,916.6303
134.0,2891.0,913.63416
134.2,2391.0,944.5248
134.2,2441.0,941.42926
134.2,2491.0,938.3465
134.2,2541.0,935.2786
134.2,2591.0,932.22516
134.2,2641.0,929.1869
134.2,2691.0,926.1631
134.2,2741.0,923.1544
134.2,2791.0,920.15155
134.2,2841.0,917.1476
134.2,2891.0,914.1434
134.4,2391.0,945.1206
134.4,2441.0,942.0152
134.4,2491.0,938.9228
134.4,2541.0,935.84564
134.4,2591.0,932.7828
134.4,2641.0,929.7355
134.4,2691.0,926.70245
134.4,2741.0,923.6851
134.4,2791.0,920.6736
134.4,2841.0,917.662
134.4,2891.0,914.6498
134.6,2391.0,945.7126
134.6,2441.0,942.5968
134.6,2491.0,939.49554
134.6,2541.0,936.4089
134.6,2591.0,933.3371
134.6,2641.0,930.2805
134.6,2691.0,927.23865
134.6,2741.0,924.2126
134.6,2791.0,921.193
134.6,2841.0,918.17365
134.6,2891.0,915.15326
134.8,2391.0,946.3004
134.8,2441.0,943.1749
134.8,2491.0,940.06464
134.8,2541.0,936.9685
134.8,2591.0,933.8879
134.8,2641.0,930.8221
134.8,2691.0,927.7716
134.8,2741.0,924.73663
134.8,2791.0,921.70966
134.8,2841.0,918.6824
134.8,2891.0,915.65466
135.0,2391.0,946.88416
135.0,2441.0,943.7495
135.0,2491.0,940.6299
135.0,2541.0,937.5247
135.0,2591.0,934.4351
135.0,2641.0,931.3602
135.0,2691.0,928.30133
135.0,2741.0,925.2579
135.0,2791.0,922.2234
135.0,2841.0,919.1882
135.0,2891.0,916.154
135.2,2391.0,947.4636
135.2,2441.0,944.3203
135.2,2491.0,941.1912
135.2,2541.0,938.0774
135.2,2591.0,934.9785
135.2,2641.0,931.8952
135.2,2691.0,928.82764
135.2,2741.0,925.7765
135.2,2791.0,922.73425
135.2,2841.0,919.6911
135.2,2891.0,916.651
135.4,2391.0,948.0396
135.4,2441.0,944.8872
135.4,2491.0,941.7491
135.4,2541.0,938.62646
135.4,2591.0,935.5187
135.4,2641.0,932.4269
135.4,2691.0,929.35065
135.4,2741.0,926.29224
135.4,2791.0,923.2422
135.4,2841.0,920.1921
135.4,2891.0,917.1455
135.6,2391.0,948.6119
135.6,2441.0,945.45026
135.6,2491.0,942.3034
135.6,2541.0,939.1718
135.6,2591.0,936.05536
135.6,2641.0,932.95514
135.6,2691.0,929.87085
135.6,2741.0,926.80505
135.6,2791.0,923.7469
135.6,2841.0,920.6908
135.6,2891.0,917.6374
135.8,2391.0,949.18024
135.8,2441.0,946.0094
135.8,2491.0,942.85406
135.8,2541.0,939.7135
135.8,2591.0,936.5887
135.8,2641.0,933.47986
135.8,2691.0,930.38837
135.8,2741.0,927.3148
135.8,2791.0,924.24927
135.8,2841.0,921.18713
135.8,2891.0,918.1268
136.0,2391.0,949.74457
136.0,2441.0,946.56506
136.0,2491.0,943.40094
136.0,2541.0,940.25165
136.0,2591.0,937.11865
136.0,2641.0,934.0015
136.0,2691.0,930.90283
136.0,2741.0,927.8216
136.0,2791.0,924.7495
136.0,2841.0,921.68085
136.0,2891.0,918.6136
136.2,2391.0,950.30493
136.2,2441.0,947.117
136.2,2491.0,943.9439
136.2,2541.0,940.7864
136.2,2591.0,937.6451
136.2,2641.0,934.52045
136.2,2691.0,931.4143
136.2,2741.0,928.32526
136.2,2791.0,925.2474
136.2,2841.0,922.1719
136.2,2891.0,919.0979
136.4,2391.0,950.86163
136.4,2441.0,947.66516
136.4,2491.0,944.4834
136.4,2541.0,941.3177
136.4,2591.0,938.16797
136.4,2641.0,935.03644
136.4,2691.0,931.92267
136.4,2741.0,928.82666
136.4,2791.0,925.74274
136.4,2841.0,922.66046
136.4,2891.0,919.5806
136.6,2391.0,951.4146
136.6,2441.0,948.2094
136.6,2491.0,945.0193
136.6,2541.0,941.84546
136.6,2591.0,938.688
136.6,2641.0,935.5493
136.6,2691.0,932.4279
136.6,2741.0,929.32587
136.6,2791.0,926.2355
136.6,2841.0,923.14624
136.6,2891.0,920.0615
136.8,2391.0,951.96375
136.8,2441.0,948.7498
136.8,2491.0,945.55176
136.8,2541.0,942.36957
136.8,2591.0,939.2052
136.8,2641.0,936.0591
136.8,2691.0,932.9303
136.8,2741.0,929.82263
136.8,2791.0,926.7254
136.8,2841.0,923.62994
136.8,2891.0,920.5403
137.0,2391.0,952.50885
137.0,2441.0,949.2866
137.0,2491.0,946.08057
137.0,2541.0,942.8905
137.0,2591.0,939.71924
137.0,2641.0,936.5656
137.0,2691.0,933.4306
137.0,2741.0,930.3167
137.0,2791.0,927.2127
137.0,2841.0,924.112
137.0,2891.0,921.01697
137.2,2391.0,953.05005
137.2,2441.0,949.8199
137.2,2491.0,946.6056
137.2,2541.0,943.4087
137.2,2591.0,940.23016
137.2,2641.0,937.06903
137.2,2691.0,933.9285
137.2,2741.0,930.808
137.2,2791.0,927.6974
137.2,2841.0,924.59204
137.2,2891.0,921.49133
137.4,2391.0,953.5875
137.4,2441.0,950.34955
137.4,2491.0,947.1273
137.4,2541.0,943.92365
137.4,2591.0,940.7378
137.4,2641.0,937.5702
137.4,2691.0,934.42377
137.4,2741.0,931.2967
137.4,2791.0,928.18036
137.4,2841.0,925.06995
137.4,2891.0,921.9634
137.6,2391.0,954.1214
137.6,2441.0,950.8754
137.6,2491.0,947.64624
137.6,2541.0,944.4355
137.6,2591.0,941.2421
137.6,2641.0,938.06903
137.6,2691.0,934.9163
137.6,2741.0,931.78253
137.6,2791.0,928.6615
137.6,2841.0,925.5456
137.6,2891.0,922.433
137.8,2391.0,954.65155
137.8,2441.0,951.3976
137.8,2491.0,948.162
137.8,2541.0,944.944
137.8,2591.0,941.74396
137.8,2641.0,938.56525
137.8,2691.0,935.406
137.8,2741.0,932.2662
137.8,2791.0,929.1405
137.8,2841.0,926.0189
137.8,2891.0,922.90015
138.0,2391.0,955.1779
138.0,2441.0,951.91693
138.0,2491.0,948.6744
138.0,2541.0,945.44916
138.0,2591.0,942.24347
138.0,2641.0,939.0587
138.0,2691.0,935.89294
138.0,2741.0,932.74817
138.0,2791.0,929.61725
138.0,2841.0,926.48987
138.0,2891.0,923.3658
138.2,2391.0,955.70044
138.2,2441.0,952.43317
138.2,2491.0,949.1835
138.2,2541.0,945.95135
138.2,2591.0,942.7405
138.2,2641.0,939.54926
138.2,2691.0,936.37726
138.2,2741.0,933.228
138.2,2791.0,930.0917
138.2,2841.0,926.9583
138.2,2891.0,923.8299
138.4,2391.0,956.22003
138.4,2441.0,952.946
138.4,2491.0,949.6892
138.4,2541.0,946.4514
138.4,2591.0,943.2346
138.4,2641.0,940.0371
138.4,2691.0,936.85986
138.4,2741.0,933.70575
138.4,2791.0,930.56366
138.4,2841.0,927.42456
138.4,2891.0,924.2923
138.6,2391.0,956.7365
138.6,2441.0,953.45544
138.6,2491.0,950.1918
138.6,2541.0,946.9489
138.6,2591.0,943.7258
138.6,2641.0,940.52203
138.6,2691.0,937.3405
138.6,2741.0,934.1811
138.6,2791.0,931.03314
138.6,2841.0,927.88934
138.6,2891.0,924.7528
138.8,2391.0,957.24945
138.8,2441.0,953.9615
138.8,2491.0,950.69214
138.8,2541.0,947.4436
138.8,2591.0,944.2142
138.8,2641.0,941.0051
138.8,2691.0,937.8189
138.8,2741.0,934.654
138.8,2791.0,931.50024
138.8,2841.0,928.35254
138.8,2891.0,925.2114
139.0,2391.0,957.7591
139.0,2441.0,954.46423
139.0,2491.0,951.18994
139.0,2541.0,947.93524
139.0,2591.0,944.6998
139.0,2641.0,941.48627
139.0,2691.0,938.29504
139.0,2741.0,935.12445
139.0,2791.0,931.96564
139.0,2841.0,928.8139
139.0,2891.0,925.668
139.2,2391.0,958.2652
139.2,2441.0,954.9647
139.2,2491.0,951.68494
139.2,2541.0,948.4242
139.2,2591.0,945.18317
139.2,2641.0,941.9653
139.2,2691.0,938.7687
139.2,2741.0,935.59235
139.2,2791.0,932.4295
139.2,2841.0,929.27344
139.2,2891.0,926.12256
139.4,2391.0,958.7679
139.4,2441.0,955.46265
139.4,2491.0,952.1768
139.4,2541.0,948.91003
139.4,2591.0,945.66473
139.4,2641.0,942.4419
139.4,2691.0,939.23987
139.4,2741.0,936.0581
139.4,2791.0,932.8916
139.4,2841.0,929.7309
139.4,2891.0,926.575
139.6,2391.0,959.26843
139.6,2441.0,955.9577
139.6,2491.0,952.66595
139.6,2541.0,949.3936
139.6,2591.0,946.1441
139.6,2641.0,942.9161
139.6,2691.0,939.7084
139.6,2741.0,936.52246
139.6,2791.0,933.35175
139.6,2841.0,930.1863
139.6,2891.0,927.02515
139.8,2391.0,959.76624
139.8,2441.0,956.4497
139.8,2491.0,953.152
139.8,2541.0,949.87537
139.8,2591.0,946.6211
139.8,2641.0,943.38776
139.8,2691.0,940.1746
139.8,2741.0,936.98517
139.8,2791.0,933.80994
139.8,2841.0,930.6396
139.8,2891.0,927.47345
140.0,2391.0,960.26117
140.0,2441.0,956.9388
140.0,2491.0,953.63556
140.0,2541.0,950.3549
140.0,2591.0,947.09564
140.0,2641.0,943.85675
140.0,2691.0,940.63934
140.0,2741.0,937.4459
140.0,2791.0,934.26605
140.0,2841.0,931.0905
140.0,2891.0,927.9205
140.2,2391.0,960.753
140.2,2441.0,957.42474
140.2,2491.0,954.1174
140.2,2541.0,950.8321
140.2,2591.0,947.5676
140.2,2641.0,944.32336
140.2,2691.0,941.1024
140.2,2741.0,937.90466
140.2,2791.0,934.72003
140.2,2841.0,931.53955
140.2,2891.0,928.3662
140.4,2391.0,961.2418
140.4,2441.0,957.9083
140.4,2491.0,954.597
140.4,2541.0,951.30676
140.4,2591.0,948.03687
140.4,2641.0,944.78827
140.4,2691.0,941.56354
140.4,2741.0,938.3613
140.4,2791.0,935.1718
140.4,2841.0,931.98694
140.4,2891.0,928.81036
140.6,2391.0,961.72754
140.6,2441.0,958.39
140.6,2491.0,955.0742
140.6,2541.0,951.7789
140.6,2591.0,948.50366
140.6,2641.0,945.25165
140.6,2691.0,942.02277
140.6,2741.0,938.81586
140.6,2791.0,935.6213
140.6,2841.0,932.43317
140.6,2891.0,929.2529
140.8,2391.0,962.21094
140.8,2441.0,958.8695
140.8,2491.0,955.5488
140.8,2541.0,952.2482
140.8,2591.0,948.96875
140.8,2641.0,945.7131
140.8,2691.0,942.4798
140.8,2741.0,939.2681
140.8,2791.0,936.06903
140.8,2841.0,932.87787
140.8,2891.0,929.6938
141.0,2391.0,962.69244
141.0,2441.0,959.34656
141.0,2491.0,956.0209
141.0,2541.0,952.7151
141.0,2591.0,949.4322
141.0,2641.0,946.1725
141.0,2691.0,942.9347
141.0,2741.0,939.7181
141.0,2791.0,936.51556
141.0,2841.0,933.3209
141.0,2891.0,930.13275
141.2,2391.0,963.17163
141.2,2441.0,959.821
141.2,2491.0,956.4901
141.2,2541.0,953.1802
141.2,2591.0,949.8938
141.2,2641.0,946.6298
141.2,2691.0,943.3874
141.2,2741.0,940.16614
141.2,2791.0,936.96075
141.2,2841.0,933.7623
141.2,2891.0,930.57007
141.4,2391.0,963.6483
141.4,2441.0,960.2928
141.4,2491.0,956.9569
141.4,2541.0,953.6436
141.4,2591.0,950.3533
141.4,2641.0,947.08496
141.4,2691.0,943.83765
141.4,2741.0,940.613
141.4,2791.0,937.40424
141.4,2841.0,934.20197
141.4,2891.0,931.0054
141.6,2391.0,964.12244
141.6,2441.0,960.7618
141.6,2491.0,957.4219
141.6,2541.0,954.1052
141.6,2591.0,950.8107
141.6,2641.0,947.5378
141.6,2691.0,944.28595
141.6,2741.0,941.0584
141.6,2791.0,937.84607
141.6,2841.0,934.6397
141.6,2891.0,931.43884
141.8,2391.0,964.5938
141.8,2441.0,961.2282
141.8,2491.0,957.8852
141.8,2541.0,954.56464
141.8,2591.0,951.26587
141.8,2641.0,947.9882
141.8,2691.0,944.7329
141.8,2741.0,941.5022
141.8,2791.0,938.2861
141.8,2841.0,935.07556
141.8,2891.0,931.87036
142.0,2391.0,965.06226
142.0,2441.0,961.693
142.0,2491.0,958.3466
142.0,2541.0,955.022
142.0,2591.0,951.71875
142.0,2641.0,948.43665
142.0,2691.0,945.1785
142.0,2741.0,941.94434
142.0,2791.0,938.7242
142.0,2841.0,935.5095
142.0,2891.0,932.30035
142.2,2391.0,965.5283
142.2,2441.0,962.1561
142.2,2491.0,958.80585
142.2,2541.0,955.47705
142.2,2591.0,952.1692
142.2,2641.0,948.88367
142.2,2691.0,945.6225
142.2,2741.0,942.38464
142.2,2791.0,939.16046
142.2,2841.0,935.94147
142.2,2891.0,932.7294
142.4,2391.0,965.99286
142.4,2441.0,962.61725
142.4,2491.0,959.26294
142.4,2541.0,955.9298
142.4,2591.0,952.61755
142.4,2641.0,949.32935
142.4,2691.0,946.0648
142.4,2741.0,942.82306
142.4,2791.0,939.5948
142.4,2841.0,936.37177
142.4,2891.0,933.15704
142.6,2391.0,966.45557
142.6,2441.0,963.0761
142.6,2491.0,959.7178
142.6,2541.0,956.38007
142.6,2591.0,953.0646
142.6,2641.0,949.7734
142.6,2691.0,946.5053
142.6,2741.0,943.2596
142.6,2791.0,940.0271
142.6,2841.0,936.801
142.6,2891.0,933.58325
142.8,2391.0,966.9162
142.8,2441.0,963.53284
142.8,2491.0,960.1702
142.8,2541.0,956.8283
142.8,2591.0,953.51025
142.8,2641.0,950.2157
142.8,2691.0,946.94385
142.8,2741.0,943.69415
142.8,2791.0,940.45764
142.8,2841.0,937.229
142.8,2891.0,934.0079
143.0,2391.0,967.37463
143.0,2441.0,963.98724
143.0,2491.0,960.6202
143.0,2541.0,957.2752
143.0,2591.0,953.9542
143.0,2641.0,950.65625
143.0,2691.0,947.3805
143.0,2741.0,944.12665
143.0,2791.0,940.8871
143.0,2841.0,937.6556
143.0,2891.0,934.43097
143.2,2391.0,967.8308
143.2,2441.0,964.4392
143.2,2491.0,961.0682
143.2,2541.0,957.7207
143.2,2591.0,954.3964
143.2,2641.0,951.0948
143.2,2691.0,947.8152
143.2,2741.0,944.5574
143.2,2791.0,941.31525
143.2,2841.0,938.08057
143.2,2891.0,934.85236
143.4,2391.0,968.2846
143.4,2441.0,964.88873
143.4,2491.0,961.51483
143.4,2541.0,958.1645
143.4,2591.0,954.83685
143.4,2641.0,951.53143
143.4,2691.0,948.2478
143.4,2741.0,944.9869
143.4,2791.0,941.742
143.4,2841.0,938.5039
143.4,2891.0,935.2721
143.6,2391.0,968.736
143.6,2441.0,965.33636
143.6,2491.0,961.9601
143.6,2541.0,958.6065
143.6,2591.0,955.27527
143.6,2641.0,951.96606
143.6,2691.0,948.6785
143.6,2741.0,945.4152
143.6,2791.0,942.16724
143.6,2841.0,938.92566
143.6,2891.0,935.6901
143.8,2391.0,969.1849
143.8,2441.0,965.7828
143.8,2491.0,962.40356
143.8,2541.0,959.0467
143.8,2591.0,955.7118
143.8,2641.0,952.3986
143.8,2691.0,949.1081
143.8,2741.0,945.84204
143.8,2791.0,942.59076
143.8,2841.0,939.34564
143.8,2891.0,936.1064
144.0,2391.0,969.6322
144.0,2441.0,966.2276
144.0,2491.0,962.8453
144.0,2541.0,959.4848
144.0,2591.0,956.14624
144.0,2641.0,952.8293
144.0,2691.0,949.5364
144.0,2741.0,946.2674
144.0,2791.0,943.0127
144.0,2841.0,939.764
144.0,2891.0,936.5208
144.2,2391.0,970.0782
144.2,2441.0,966.6707
144.2,2491.0,963.28503
144.2,2541.0,959.921
144.2,2591.0,956.57855
144.2,2641.0,953.2588
144.2,2691.0,949.96326
144.2,2741.0,946.691
144.2,2791.0,943.43286
144.2,2841.0,940.1805
144.2,2891.0,
144.4,2391.0,970.5226
144.4,2441.0,967.11194
144.4,2491.0,963.72284
144.4,2541.0,960.35516
144.4,2591.0,957.00903
144.4,2641.0,953.687
144.4,2691.0,950.3886
144.4,2741.0,947.113
144.4,2791.0,943.8513
144.4,2841.0,940.5951
144.4,2891.0,
144.6,2391.0,970.9651
144.6,2441.0,967.5511
144.6,2491.0,964.15857
144.6,2541.0,960.7872
144.6,2591.0,957.4384
144.6,2641.0,954.11383
144.6,2691.0,950.8122
144.6,2741.0,947.53326
144.6,2791.0,944.268
144.6,2841.0,
144.6,2891.0,
144.8,2391.0,971.4057
144.8,2441.0,967.98846
144.8,2491.0,964.5922
144.8,2541.0,961.2174
144.8,2591.0,957.86646
144.8,2641.0,954.539
144.8,2691.0,951.23413
144.8,2741.0,947.9518
144.8,2791.0,944.68274
144.8,2841.0,
144.8,2891.0,
145.0,2391.0,971.8443
145.0,2441.0,968.42365
145.0,2491.0,965.02374
145.0,2541.0,961.64655
145.0,2591.0,958.293
145.0,2641.0,954.96246
145.0,2691.0,951.65436
145.0,2741.0,948.36847
145.0,2791.0,
145.0,2841.0,
145.0,2891.0,
